feedid;userid;feedname
1;1;Chocolate Chip Apple Pie
2;1;Budweiser Trouble
3;1;Opaline Snickers
4;1;Baby Doll Sgt. Calhoun
5;1;Pixy Egg Tease
6;2;Snappie Kit-Kat
7;2;Gummy Bear Snow White
8;2;Icecap The Illness
9;2;Zelda Breezy
10;3;Cloudburst Alias
11;3;Copycat Black Lotus
12;4;Skittle Aqua
13;4;Blackberry Seasoning
14;4;Chardonnay Number Six
15;4;Infiniti Biscuit
16;4;Subzero Tango
17;5;Cherry Pie Ki-No-Wa
18;5;Arctic Air Armani
19;6;Jet Stream Banana Split
20;6;Double The Illness
21;6;Tart JK
22;6;Hurricane Tesla
23;8;Soda Pop Benz
24;8;Black Ice New Night
25;8;Cookie Brandy
26;8;Protein Spice
27;8;Zelda Bentley
28;8;Cornflake Blackberry
29;9;Muffin Dahlia
30;9;Cherry Pie Oldie
31;9;Flurry Bonbon
32;9;Chardonnay Flurry
33;9;Soda Pop Hard-Boiled
34;9;Mulberry Aqua
35;9;Sugar Jetta
36;10;Sherry Manhattan
37;10;Tesla Rhubarb
38;10;Granger Trinity
39;10;Dollface Snickers
40;10;Dahlia Black Widow
41;10;Winger Fendi
42;10;Uhura Cherry Pie
43;11;Batgirl Flurry
44;11;Whisky Ginger Twizzler
45;11;Meatball Scarlet
46;11;Ginger Tesla
47;12;Rhubarb Cayenne
48;12;Armani Double
49;12;Snickerdoodle Brown Sugar
50;12;Ice Mustard
51;12;Juice Caramel
52;12;Strawberry Whiskey
53;12;Snapple Arctic Air
54;13;Vitamin C Shadow
55;13;Blackberry Number Six
56;13;Katniss Rainbow
57;13;Nightcap Sixlet
58;14;Frost Baby Doll
59;14;Shadow Scarlet
60;14;Turanga Snow White
61;14;Shortcake Ice
62;14;Chardonnay Twix
63;14;Moonshine Katniss
64;15;Dorothy Moonshine
65;15;Ella Sammie
66;15;Sixlet Hazy
67;15;Pretty Sue Funnel Cloud
68;15;Alias Dream Devil
69;16;Jet Stream Butterfly
70;16;Winter Radar
71;17;Reno Hard-Boiled
72;17;Rhubarb Uhura
73;17;Gingersnap Cherry Pie
74;17;Brandy Moonshine
75;18;Jet Stream Pocky
76;18;Mrs. Robinson Egg Tease
77;18;Agent 99 Superwoman
78;18;Frost Jolly
79;18;Alias Martini
80;18;Drizzle Princess Peach
81;19;Tex-Mex Zelda
82;19;Twister Ribeye
83;19;Whisky Ginger Tesla
84;19;The Bride Rhubarb
85;19;Cornflake Pixy
86;21;Twister Betty Boop
87;21;Goldilocks JK
88;21;Winger Princess Peach
89;21;Wonder Woman Snickerdoodle
90;21;Dolce Twisty
91;22;Cornflake Good Deal
92;22;Tequila Snapple
93;22;Beamer Smartie
94;22;Wonder Woman New Night
95;23;Pretty Sue Princess Peach
96;23;Peep Dahlia
97;23;Brandy Bentley
98;23;Zelda Princess Peach
99;23;Breezy Frost
100;23;Tootsie Gucci
101;24;Big Love High Top
102;24;Radar Sixlet
103;24;Princess Belly
104;24;Sunshine Reno
105;24;Turanga Updog
106;24;Number Six Sunny
107;25;Lucy Locks Salty
108;26;The Evil Queen Katniss
109;26;Brownie Cinnamon
110;26;BBQ Lifesaver
111;26;Scarlet Aphrodite
112;26;Twix Apple Pie
113;26;Wind Tootsie
114;27;Wind Venus
115;27;Pepper Chocolate Chip
116;27;Mustard Snicker
117;27;Ki-No-Wa The Evil Queen
118;27;Cyclone Snickerdoodle
119;27;Chanel Batgirl
120;28;Cake Cake
121;28;Ci-Ci D. Cookie
122;28;Jet Stream Butterfly
123;28;Queen C Moonshine
124;28;Queen C Frostbite
125;29;Alias Sugar Plum
126;29;Baby Doll Icecap
127;29;Blueberry Dottie
128;29;Cold Front Mustang
129;30;Lady Luck Art Axe
130;30;Vivi Peep
131;30;Redvine Brambleberry
132;30;Shadow Vams
133;30;Starburst Icecap
134;30;S’Mores Taffy
135;30;Icecap Barbera
136;31;Hermes Tart
137;31;Cyclone Venom
138;32;Wonka Merlot
139;32;Maple Cookie
140;32;Juice Isis
141;32;Seasoning Peppermint
142;32;Killer Frost Black Lotus
143;33;Diamond Dust Big Love
144;33;Icecap Alias
145;33;Ella Copycat
146;33;Princess Peach Red Hot
147;33;Artemis Venus
148;33;Thumbprint Manhattan
149;34;Hitch Katniss
150;34;Twisty Snow Cone
151;34;Seasoning Tabasco
152;34;Artemis Skittle
153;34;Cornflake Thunderstorm
154;34;Big Love Jessica Rabbit
155;34;Updog Arctic Air
156;35;Sgt. Calhoun Brownie
157;35;Martini Oldie
158;35;Ginger Thunderhead
159;36;Whisky Ginger Oldie
160;36;Jo Jo Jetta
161;36;The Bride Tesla
162;36;Starburst Hot Cocoa
163;37;Burberry Sugar Plum
164;37;Snickerdoodle S’Mores
165;38;Banana Split Snow White
166;38;Good Deal Budweiser
167;38;Vitamin C Double
168;38;Peaches Jet Stream
169;38;Hurricane Martini
170;39;Peaches Egg
171;39;Cornflake Shortbread
172;39;Number Six Fendi
173;39;Cherry Pie The Evil Queen
174;39;Pocky Combo
175;39;Wild Kitty Blizzard
176;40;Trouble Wildberry
177;41;Twister Red Velvet
178;41;Cloudburst Winger
179;42;Mustard Jessica Rabbit
180;42;Jet Stream Thumbprint
181;43;Cartier Scarlet
182;43;New Night Banana Split
183;43;Cheese Pop Rock
184;43;Whisky Ginger Dragonfly
185;43;Poison Ivy New Night
186;44;Twister Vivi
187;44;Burberry Lady Luck
188;45;Bear Bae Frostbite
189;45;Venom Claws
190;45;Sabriel Strawberry
191;46;Tango Poison Ivy
192;46;Art Axe Stormy Waters
193;46;Juno Sabriel
194;46;Bonbon Gucci
195;47;Cake Chanel
196;47;Twix Claws
197;49;Frost Cheese
198;49;Good Deal Trinity
199;49;Twizzler Manhattan
200;49;Zena Apple
201;50;Ginger Princess
202;50;Wildberry Rellie J
203;50;The Illness Aqua
204;50;Cartier Sugar
205;50;Opaline Egg Tease
206;50;Tesla Uhura
207;51;Monsoon Dahlia
208;52;Sugar Plum JK
209;52;X-Tra Betty Boop
210;52;Frostbite Epiphany
211;52;Bentley Cinnamon
212;52;Queen C Athena
213;52;Pixy Twizzler
214;52;Wind Uhura
215;53;Black Lotus Pepper
216;53;Kit-Kat Mrs. Robinson
217;53;Thundercloud Jetta
218;53;Tabasco Hot Cocoa
219;53;Agent 99 Cloudburst
220;54;Bun Bun Snowflake
221;54;Updog Pretty Sue
222;54;Wild Kitty Vicious
223;55;Diamond Dust Cupid
224;56;Updog Princess Peach
225;56;Agent 99 Breezy
226;56;Hard-Boiled Turanga
227;56;Pocky Monsoon
228;56;Katniss Muffin
229;59;The Bride Tart
230;60;Protein Dottie
231;60;Breezy Brownie
232;60;Eclipse Rellie J
233;60;Maple Queen C
234;60;Vanilla Bean Dew Drop
235;60;Uhura Twister
236;61;Apple Zils 
237;61;Dottie Double
238;61;Hermes Egg Tease
239;61;Burberry Copycat
240;61;Ezzie Quirk
241;63;Big Love Bun Bun
242;64;Chanel Winter
243;64;Tango Jessica Rabbit
244;65;Cartier Thunderhead
245;65;Peaches Ki-No-Wa
246;65;Isis Barbera
247;66;Cookie Oldie
248;66;Bentley Champagne
249;66;Pecan Wind
250;66;Combo Twisty
251;67;Alias Dottie
252;67;Jo Jo Snapple
253;68;Brandy Mrs. Robinson
254;68;Taffy Gingersnap
255;68;Tequila The Bride
256;69;Peep Bear Bae
257;69;Bear Bae S’Mores
258;69;Jet Stream BBQ
259;69;Banana Split Brandy
260;70;Apple Pie Fresh
261;70;Pecan BBQ
262;70;Ella Radar
263;70;Snicker Hermes
264;71;Nightcap Candy Cane
265;71;Pixy Wind
266;71;Snicker Tex-Mex
267;71;Cupcake Meatball
268;71;Claws Junior Mint
269;71;Alias Moonshine
270;73;Brandy Fendi
271;73;Trinity Shadow
272;73;Kit-Kat Sgt. Calhoun
273;73;Vicious Stormy Waters
274;73;Snicker Oldie
275;73;Opaline Rainbow
276;74;Whisky Ginger Snapple
277;74;Crunchie Betty Boop
278;74;Cinderella Moonshine
279;74;Dahlia Hermes
280;75;Sixlet Biscuit
281;75;Sixlet Hurricane
282;75;Benz Katniss
283;76;Tango Snappie
284;76;Wild Kitty Moonshine
285;76;Juice Sherry
286;76;Pepper Snazz
287;77;Whiskey Fresh
288;77;Champagne Sunny
289;77;Skittle Art Axe
290;78;Cherry Pie Sabriel
291;78;Art Axe Biscuit
292;78;Cyclone Caramel
293;78;Shortcake Smartie
294;78;Agent 99 Twizzler
295;79;High Top Cheese
296;79;Alias Twizzler
297;79;Gucci Katniss
298;79;Vivi Blueberry
299;79;Shortcake Gucci
300;81;Hermes Thundercloud
301;81;Ginger Sabriel
302;81;Whisky Ginger Belly
303;81;Uhura Tequila
304;81;Sphinx Copycat
305;82;Tart Dottie
306;82;The Illness Venom
307;82;Crunchie Brandy
308;82;S’Mores Dew Drop
309;82;BBQ Blueberry
310;82;Poppins Protein
311;82;Rhubarb Cherry
312;83;Twister Princess Peach
313;83;Pepper Wildberry
314;85;Jessica Rabbit Twizzler
315;86;Wild Kitty Lunar
316;88;Crunchie JK
317;88;Tabasco Isis
318;89;Wonder Woman Twizzler
319;89;New Night High Top
320;89;Tesla Egg
321;89;Twister Lady Luck
322;90;Alias Lady Luck
323;90;Wicked Dottie
324;91;Rapunzel Whisky Ginger
325;91;Mad Dog Vicious
326;91;Alias Ci-Ci D.
327;92;Banana Bread Mrs. Robinson
328;93;Sweeper Peep
329;95;Sunshine Number Six
330;95;Nightcap Jo Jo
331;95;Bun Bun Porsche
332;95;Snowflake Mulberry
333;96;Rainbow Bonbon
334;96;Wild Kitty Dorothy
335;98;Ki-No-Wa Pretty Sue
336;98;Snapple Sammie
337;98;Ezzie Hurricane
338;98;Killer Frost Goldilocks
339;100;JK Bear Bae
340;100;Tequila Sixlet
341;100;Snickerdoodle Maple
342;100;The Bride Butterfly
343;100;Radar Dottie
344;100;Quirk Red Hot
345;100;Belly Pepper
346;101;Batgirl Gucci
347;101;Fry Starter Good ‘n Plenty
348;101;Benz Burberry
349;101;Lem / Lemon Vitamin C
350;101;Radar Oldie
351;101;Miss Gold Budweiser
352;101;Young B Double
353;102;Chocolate Chip Bear Bae
354;102;Trinity Zils 
355;105;Ezzie Short-Fuse
356;106;Juice Pop Rock
357;106;Lady Luck Prada
358;107;Whirly Vitamin C
359;107;Frostbite Butterfly
360;108;Isis Jetta
361;108;Honey Cyclone
362;108;Frost Flurry
363;108;Subzero Zelda
364;108;Benz Kit-Kat
365;108;Gummy Bear Sugar Plum
366;108;Dahlia Salty
367;109;Jetta Rainbow
368;109;Art Axe Jo Jo
369;109;Belly Combo
370;109;Hot Cocoa Thundercloud
371;110;Wonka Subzero
372;110;Ci-Ci D. Neptune
373;110;Art Axe Wild Kitty
374;110;Budweiser Ginger
375;110;Pretty Sue Barbera
376;110;Oldie Number Six
377;111;Kicks Fresh
378;111;Gingersnap Alias
379;111;Hurricane The Bride
380;111;Vanilla Bean Venom
381;113;Cold Front Hurricane
382;113;Pop Rock Mulberry
383;113;Dahlia Merlot
384;113;Taffy Cookie
385;113;Rellie J Agent 99
386;114;Cartier Blueberry
387;114;Eclipse Twix
388;115;Versace Athena
389;115;Brandy Bonbon
390;115;Barbera Lunar
391;116;Wildberry Mazda
392;117;Hurricane Cherry
393;117;Banana Bread Sugar Plum
394;118;Beef Taffy
395;118;Hermes Flurry
396;118;Trinity Junior Mint
397;118;Twizzler Caramel
398;119;Eclipse Cloudburst
399;120;Versace Hitch
400;120;Killer Frost Blackberry
401;120;The Evil Queen Chardonnay
402;120;Cornflake Bonbon
403;120;Katniss Tesla
404;120;Diamond Dust Claws
405;120;Lady Luck Arctic Air
