userId,name
1,Anna
2,Emma
3,Marie
4,Lena
5,Laura
6,Sophia
7,Emilia
8,Mia
9,Sophie
10,Johanna
11,Valentina
12,Lea
13,Julia
14,Hannah
15,Lara
16,Leonie
17,Luisa
18,Sarah
19,Elena
20,Magdalena
21,Lina
22,Hanna
23,Katharina
24,Amelie
25,Sara
26,Theresa
27,Nora
28,Marlene
29,Helena
30,Lisa
31,Ella
32,Emily
33,Elisa
34,Nina
35,Alina
36,Isabella
37,Miriam
38,Jana
39,Annika
40,Klara
41,Sofia
42,Franziska
43,Maria
44,Olivia
45,Paula
46,Rosa
47,Eva
48,Clara
49,Valerie
50,Viktoria
51,Mila
52,Antonia
53,Elina
54,Selina
55,Pia
56,Paulina
57,Linda
58,Rosalie
59,Greta
60,Melinda
61,Maximilian
62,Paul
63,David
64,Elias
65,Jakob
66,Lukas
67,Felix
68,Alexander
69,Tobias
70,Jonas
71,Leon
72,Julian
73,Simon
74,Fabian
75,Sebastian
76,Noah
77,Florian
78,Samuel
79,Moritz
80,Raphael
81,Luca
82,Valentin
83,Lorenz
84,Benjamin
85,Daniel
86,Matthias
87,Johannes
88,Leo
89,Niklas
90,Luis
91,Ben
92,Matteo
93,Anton
94,Emil
95,Michael
96,Gabriel
97,Dominik
98,Philipp
99,Nico
100,Max
101,Liam
102,Finn
103,Theodor
104,Jonathan
105,Theo
106,Oliver
107,Konstantin
108,Vincent
109,Adrian
110,Adam
111,Oskar
112,Andreas
113,Thomas
114,Jan
115,Martin
116,Manuel
117,Josef
118,Fabio
119,Marcel
120,Kilian
